fiscal_year,standard_item,original_label,value,currency,unit_multiplier,reporting_scope,period_start,period_end
2023,revenue,Revenue,1000,USD,1000000,연결,2023-01-01,2023-12-31
2023,operating_income,Operating profit,80,USD,1000000,연결,2023-01-01,2023-12-31
2023,net_income,Profit for the year,45,USD,1000000,연결,2023-01-01,2023-12-31
2023,total_assets,Total assets,2200,USD,1000000,연결,,2023-12-31
2023,total_liabilities,Total liabilities,1300,USD,1000000,연결,,2023-12-31
2023,total_equity,Total equity,900,USD,1000000,연결,,2023-12-31
2024,revenue,Revenue,1200,USD,1000000,연결,2024-01-01,2024-12-31
2024,operating_income,Operating profit,96,USD,1000000,연결,2024-01-01,2024-12-31
2024,net_income,Profit for the year,55,USD,1000000,연결,2024-01-01,2024-12-31
2024,total_assets,Total assets,2500,USD,1000000,연결,,2024-12-31
2024,total_liabilities,Total liabilities,1500,USD,1000000,연결,,2024-12-31
2024,total_equity,Total equity,1000,USD,1000000,연결,,2024-12-31
